agent_mode,retrieval_mode,retr_Hit@k,retr_Precision@k,retr_Recall@k,retr_nDCG@k,faithfulness,answer_relevancy,context_precision,context_recall
single,dense,0.6333333333333333,0.18666666666666668,0.5633333333333332,0.44021770845198477,0.7451779701779702,0.7956295516747264,0.8864814814585456,0.9458333333333333
single,bm25,0.43333333333333335,0.12666666666666668,0.3555555555555555,0.316166631074177,0.7035906685906687,0.8126948149324094,0.8115277777570936,0.8898989898989899
single,hybrid,0.5333333333333333,0.17333333333333334,0.4633333333333333,0.39346636468771107,0.7576539201539202,0.8527570000299768,0.9078240740537562,0.9419540229885057
multi,dense,0.6,0.18333333333333332,0.5549999999999999,0.40791735402253354,0.7097012491865434,0.9140844674472764,0.9112499999786539,0.9833333333333333
multi,bm25,0.4666666666666667,0.12666666666666668,0.3944444444444445,0.31439984304906077,0.6220720277803011,0.920463823293149,0.8479166666434963,0.8403030303030303
multi,hybrid,0.5666666666666667,0.17666666666666667,0.4994444444444444,0.386372645452208,0.7441747121700683,0.9365865047766474,0.8984259259043325,0.9510101010101011
