agent_mode,retrieval_mode,retr_Hit@k,retr_Precision@k,retr_Recall@k,retr_nDCG@k,faithfulness,answer_relevancy,context_precision,context_recall
single,dense,0.7333333333333333,0.08444444444444445,0.6944444444444444,0.4914204045975151,0.8130491303568227,0.8821436790556137,0.8576278813371128,0.9679487179487178
single,bm25,0.6,0.05777777777777778,0.4777777777777778,0.360380056563552,0.8755941589274924,0.8982050009848925,0.8137709355839668,1.0
single,hybrid,0.7,0.08,0.6277777777777778,0.4505283542025229,0.8302824368613843,0.8926384441642741,0.49999999999666667,1.0
multi,dense,0.6,0.18333333333333332,0.5549999999999999,0.3957874376874688,0.6966887498466445,0.8857769373743306,0.99999999998,0.9305555555555555
multi,bm25,0.43333333333333335,0.12000000000000001,0.3611111111111111,0.3158903126903879,0.6932883679787705,0.9018606632511067,0.99999999998,0.9375
multi,hybrid,0.5666666666666667,0.17666666666666667,0.4994444444444444,0.38495579632520344,0.6467994605249507,0.9445931795703412,0.99999999998,0.9047619047619049
