agent_mode,retrieval_mode,retr_Hit@k,retr_Precision@k,retr_Recall@k,retr_nDCG@k,faithfulness,answer_relevancy,context_precision,context_recall
single,dense,0.7,0.11333333333333333,0.6533333333333334,0.47619087897059653,0.8162162242519386,0.8891367278170957,0.8665984924723972,0.9607142857142856
single,bm25,0.5333333333333333,0.08333333333333333,0.4444444444444445,0.357325981384197,0.781653911564626,0.8731434212150597,0.8450699955785026,0.9330357142857143
single,hybrid,0.6,0.10333333333333333,0.5366666666666667,0.4229919884190805,0.823096348096348,0.851574885360991,0.8915334781949659,0.9390394088669951
multi,dense,0.6333333333333333,0.19,0.5883333333333333,0.4214051996238849,0.6888218141445359,0.9437224390857158,0.9154166666443366,0.9601010101010101
multi,bm25,0.4666666666666667,0.12666666666666668,0.3944444444444445,0.31481440820358814,0.6365662278897573,0.8502190358276551,0.8405555555328424,0.9121212121212121
multi,hybrid,0.6,0.18333333333333332,0.5327777777777778,0.4082975695084723,0.748676800782064,0.9142530296920335,0.9211574073860204,0.9386363636363637
